sg,al,sc,hemo,rc,bun_creatinine_ratio,egfr_proxy,anemia_flag,htn_no,dm_no,classification
1.4034042590901543,-0.6716286027244339,-0.8446842674151958,0.8374899683619682,-0.0995270559902118,2.3221689334305955,0.9506801307243917,-0.7983901931917722,1.0,1.0,0
-0.5018233411292511,-0.6716286027244339,-0.5055185003842375,0.25463936317161195,0.035424884335499486,-0.699689158097139,-0.09953331011498918,-0.7983901931917722,1.0,0.0,1
0.4507904589804728,-0.6716286027244339,-0.9577395230921818,1.2746279222547348,0.17037682466121196,2.5112902886520527,2.047705410981032,-0.7983901931917722,1.0,1.0,0
-1.4544371412389328,-0.6716286027244339,-0.5055185003842375,0.9103462940107624,0.5752326456383471,-0.9610390470941323,-0.03440379440401977,-0.7983901931917722,0.0,1.0,1
0.4507904589804728,-0.6716286027244339,-0.5620461282227306,1.0924871081327485,1.9922280190583204,-1.105325964977889,0.000196260817432616,-0.7983901931917722,1.0,1.0,0
0.4507904589804728,-0.6716286027244339,-0.9577395230921818,0.5096365029423929,0.9800884666154821,0.76632037549537,2.4140589368552345,-0.7983901931917722,1.0,1.0,0
-0.5018233411292511,0.09909274466426074,-0.3359356168687584,-0.8017773587359073,-1.4490464592473296,-0.6370740805249429,-0.4027926176441902,1.2525203948237895,0.0,1.0,1
-0.5018233411292511,-0.6716286027244339,-0.6751013838997166,0.4367801772935981,0.5752326456383471,0.08572170623236673,0.21390248424405084,-0.7983901931917722,1.0,0.0,1
-1.4544371412389328,-0.6716286027244339,2.0452907058277607,-0.03678593942356552,0.035424884335499486,-1.8029396009724674,-1.259652808716631,-0.7983901931917722,1.0,1.0,1
-0.5018233411292511,1.64053543944165,2.0452907058277607,-0.838205521560305,-1.7864263100616096,-0.8051819518329045,-1.190452698273726,1.2525203948237895,0.0,0.0,1
-0.5018233411292511,-0.6716286027244339,-0.10982510551478628,-0.29178307919434654,-0.0995270559902118,-1.30950556575679,-0.6083576516069373,1.2525203948237895,1.0,1.0,1
-1.9307440412938157,2.4112567868303447,0.9076721955780882,-0.47392389331633267,-1.1791425785959062,-0.9528718630629762,-0.9502876090895264,1.2525203948237895,0.0,1.0,1
-1.4544371412389328,0.09909274466426074,0.625034056385623,-0.9839181728578934,-1.7864263100616096,-0.05856521165139003,-0.885158093378557,1.2525203948237895,0.0,0.0,1
0.4507904589804728,-0.6716286027244339,-0.9577395230921818,0.9467744568351595,-0.0995270559902118,2.5112902886520527,2.019211247857483,-0.7983901931917722,1.0,1.0,0
-0.5018233411292511,-0.6716286027244339,-0.5620461282227306,0.036070386225228686,0.035424884335499486,-0.9351762976621382,-0.014050820744341845,-0.7983901931917722,1.0,1.0,1
1.4034042590901543,0.8698140920529555,0.0032301501621998917,-0.9110618472090992,-1.4490464592473296,-0.34713904741890333,-0.6368518147304864,1.2525203948237895,1.0,1.0,1
1.4034042590901543,-0.6716286027244339,-0.6185737560612236,1.7846222017962954,1.7898001085697521,0.5805169387865703,0.05718458706453075,-0.7983901931917722,1.0,1.0,0
-1.4544371412389328,-0.6716286027244339,-0.5055185003842375,-0.9839181728578934,0.035424884335499486,-0.27227319379997283,0.2810672973209879,1.2525203948237895,1.0,1.0,1
1.4034042590901543,-0.6716286027244339,-0.6751013838997166,1.930334853093885,0.9800884666154821,-0.2545776283991349,0.36247919195969963,-0.7983901931917722,1.0,1.0,0
1.4034042590901543,-0.6716286027244339,-0.9577395230921818,0.8010618055375704,1.9247520488954648,2.5112902886520527,2.552459157741044,-0.7983901931917722,1.0,1.0,0
-1.4544371412389328,0.09909274466426074,0.5685064285471302,-0.21892675354555166,-1.4490464592473296,-0.9351762976621382,-0.9014404723062994,1.2525203948237895,0.0,0.0,1
0.4507904589804728,-0.6716286027244339,-0.7316290117382097,0.036070386225228686,0.035424884335499486,0.6907739232071767,0.5415853601648656,-0.7983901931917722,1.0,1.0,0
-0.5018233411292511,0.8698140920529555,1.2468379626090467,-0.4374957304919349,-1.1791425785959062,-0.7187459208365031,-1.0276289089963024,1.2525203948237895,1.0,1.0,1
0.4507904589804728,-0.6716286027244339,-0.7316290117382097,0.9103462940107624,0.9800884666154821,0.010175253944173407,0.3889380577172811,-0.7983901931917722,1.0,1.0,0
1.4034042590901543,-0.6716286027244339,-0.5620461282227306,0.9103462940107624,0.7101845859640583,-0.8786866081133089,0.20372599741421185,-0.7983901931917722,1.0,1.0,0
0.4507904589804728,-0.6716286027244339,0.398923545031651,-1.6396251036970437,0.035424884335499486,-0.21918649759745876,-0.866840417084847,1.2525203948237895,1.0,0.0,1
-0.5018233411292511,-0.6716286027244339,-0.6185737560612236,1.1289152709571457,1.654848168244041,-0.7187459208365031,0.3482321103979253,-0.7983901931917722,1.0,0.0,1
1.4034042590901543,-0.6716286027244339,-0.7316290117382097,0.5096365029423929,0.035424884335499486,0.53968101863079,0.535479468066962,-0.7983901931917722,1.0,1.0,0
0.4507904589804728,-0.6716286027244339,0.1728130336776789,0.036070386225228686,0.035424884335499486,-0.5404290694895962,-0.7589696566885539,-0.7983901931917722,0.0,1.0,1
0.4507904589804728,-0.6716286027244339,-0.9012118952536887,0.6189209914155842,0.30532876498692324,2.5112902886520527,1.6040105852000528,-0.7983901931917722,1.0,1.0,0
1.4034042590901543,1.64053543944165,-0.2794079890302654,0.036070386225228686,-1.1791425785959062,-0.2743149898077619,-0.46385153862322404,-0.7983901931917722,0.0,0.0,1
0.4507904589804728,-0.6716286027244339,-0.5620461282227306,0.9103462940107624,0.17037682466121196,0.76632037549537,-0.03236849703805195,-0.7983901931917722,1.0,1.0,0
-0.5018233411292511,2.4112567868303447,2.0452907058277607,-1.8946222434678246,-1.1791425785959062,-1.2543770735464865,-1.2169115640313073,1.2525203948237895,0.0,0.0,1
-0.5018233411292511,0.09909274466426074,2.0452907058277607,0.036070386225228686,0.035424884335499486,-1.331965321842469,-1.239299835056953,-0.7983901931917722,1.0,0.0,1
0.4507904589804728,-0.6716286027244339,-0.5620461282227306,0.8374899683619682,0.9800884666154821,0.76632037549537,-0.02829790230611645,-0.7983901931917722,1.0,1.0,0
0.4507904589804728,-0.6716286027244339,-0.16635273335327935,-0.29178307919434654,0.035424884335499486,-0.16133561071010338,-0.5432281358959679,1.2525203948237895,1.0,0.0,1
-1.4544371412389328,0.8698140920529555,0.6815616842241161,0.18178303752281774,-0.7742867576187706,-0.5547216415441194,-0.9441817169916231,-0.7983901931917722,0.0,0.0,1
-1.4544371412389328,1.64053543944165,0.2858682893546651,-0.3646394048431407,-0.36943093664163557,0.4389524155798653,-0.8057814961058133,1.2525203948237895,0.0,0.0,1
-1.4544371412389328,0.09909274466426074,1.6990589853169908,0.036070386225228686,0.035424884335499486,0.04624698341511266,-1.0744407484135619,-0.7983901931917722,1.0,0.0,1
0.4507904589804728,0.09909274466426074,-0.6751013838997166,-0.7289210330871131,0.035424884335499486,0.017661839306066403,0.22814956580582543,1.2525203948237895,0.0,1.0,1
-0.5018233411292511,1.64053543944165,0.3423959171931579,-0.10964226507236037,-0.23447899631592428,-0.40022574362141766,-0.8322403618633945,-0.7983901931917722,0.0,0.0,1
1.4034042590901543,-0.6716286027244339,-0.7881566395767027,1.5660532248499128,1.9922280190583204,-0.08442796108338409,0.8021034230087429,-0.7983901931917722,1.0,1.0,0
0.4507904589804728,0.8698140920529555,0.1728130336776789,-0.8746336843847021,0.035424884335499486,-0.4587572291780359,-0.7589696566885539,1.2525203948237895,0.0,1.0,1
1.4034042590901543,-0.6716286027244339,-0.6751013838997166,0.6189209914155842,1.5198962279183297,1.4469190447583733,0.7064444468082567,-0.7983901931917722,1.0,1.0,0
-1.4544371412389328,1.64053543944165,2.0452907058277607,-1.2389153126286745,-1.7864263100616096,-0.6513666525794657,-1.0947937220732398,1.2525203948237895,0.0,0.0,1
1.4034042590901543,-0.6716286027244339,-0.8446842674151958,0.8739181311863653,1.5198962279183297,2.127517714021377,1.3964102538713383,-0.7983901931917722,1.0,1.0,0
0.4507904589804728,-0.6716286027244339,0.11628540583918581,-1.530340615223852,-1.4490464592473296,-0.6799517966885119,-0.699946033075488,1.2525203948237895,0.0,0.0,1
-0.5018233411292511,0.09909274466426074,0.0032301501621998917,-0.9110618472090992,-1.0441906382701944,-0.37844658620500155,-0.6836636541477457,1.2525203948237895,0.0,0.0,1
0.4507904589804728,-0.6716286027244339,-0.9577395230921818,1.1653434337815427,0.17037682466121196,2.5112902886520527,2.2145997949903906,-0.7983901931917722,1.0,1.0,0
-1.4544371412389328,-0.6716286027244339,-0.7881566395767027,-0.5832083817895239,0.035424884335499486,-0.2545776283991349,0.8916565071113257,1.2525203948237895,1.0,0.0,1
0.4507904589804728,-0.6716286027244339,-0.5055185003842375,1.4203405735523231,1.249992347266906,-0.27227319379997283,0.252573134197439,-0.7983901931917722,1.0,1.0,0
-1.9307440412938157,0.09909274466426074,0.398923545031651,-0.5103520561407298,0.30532876498692324,-0.8528238586813147,-0.8586992276209757,1.2525203948237895,0.0,0.0,1
1.4034042590901543,-0.6716286027244339,-0.5055185003842375,0.07249854904962579,-0.6393348172930593,-0.5424708654973853,-0.15245104163015183,-0.7983901931917722,0.0,0.0,1
-0.5018233411292511,-0.6716286027244339,1.0207274512550744,-0.18249859072115457,-0.36943093664163557,0.17079653989024215,-0.9950641511408179,-0.7983901931917722,0.0,0.0,1
1.4034042590901543,-0.6716286027244339,-0.5620461282227306,0.8374899683619682,0.9800884666154821,-1.105325964977889,-0.024227307574180807,-0.7983901931917722,1.0,1.0,0
1.4034042590901543,-0.6716286027244339,-0.5620461282227306,1.0924871081327485,1.654848168244041,0.8799803532622916,-0.018121415476277488,-0.7983901931917722,1.0,1.0,0
0.4507904589804728,-0.6716286027244339,-0.39246324470725147,-0.07321410224796263,0.17037682466121196,-0.2770373844848139,-0.34783958876305976,-0.7983901931917722,0.0,0.0,1
0.4507904589804728,0.09909274466426074,-0.2794079890302654,0.036070386225228686,0.035424884335499486,-0.7548176503074424,-0.474028025453063,-0.7983901931917722,0.0,0.0,1
0.4507904589804728,-0.6716286027244339,-0.6751013838997166,0.5824928285911871,0.7101845859640583,0.6302006416427693,0.4866323312837351,-0.7983901931917722,1.0,1.0,0
-0.5018233411292511,0.8698140920529555,2.0452907058277607,-2.737023508782011,0.035424884335499486,-0.8691582267436269,-1.1192172904648532,1.2525203948237895,0.0,1.0,1
1.4034042590901543,-0.6716286027244339,-0.5620461282227306,0.400352014469201,1.9922280190583204,-0.4247272957148857,0.1121376159456612,-0.7983901931917722,1.0,1.0,0
-1.4544371412389328,-0.6716286027244339,-0.3359356168687584,-0.32821124201874363,-1.1791425785959062,0.8513952091532454,-0.4109338071080614,1.2525203948237895,1.0,0.0,1
0.4507904589804728,-0.6716286027244339,-0.5055185003842375,0.036070386225228686,0.035424884335499486,-0.27227319379997283,0.252573134197439,-0.7983901931917722,1.0,0.0,1
0.4507904589804728,-0.6716286027244339,0.9641998234165813,0.036070386225228686,0.035424884335499486,-1.1883590026279753,-0.9197581486000095,-0.7983901931917722,1.0,1.0,1
-0.5018233411292511,-0.6716286027244339,-0.3359356168687584,-0.4374957304919349,-1.3140945189216182,0.08572170623236673,-0.38651023871644796,1.2525203948237895,0.0,0.0,1
0.4507904589804728,2.4112567868303447,0.5685064285471302,-0.47392389331633267,-1.1791425785959062,-1.105325964977889,-0.8912639854764605,1.2525203948237895,0.0,0.0,1
1.4034042590901543,-0.6716286027244339,-0.6751013838997166,1.1653434337815427,0.035424884335499486,1.174679577053172,0.3380556235680863,-0.7983901931917722,1.0,1.0,0
0.4507904589804728,-0.6716286027244339,-0.05329747767629319,-0.5832083817895239,-1.7864263100616096,-0.692202572735246,-0.6775577620498422,1.2525203948237895,0.0,0.0,1
-0.5018233411292511,0.09909274466426074,2.0452907058277607,0.21821120034721483,0.035424884335499486,-1.94178172950212,-1.0968290194392074,-0.7983901931917722,1.0,1.0,1
0.4507904589804728,-0.6716286027244339,-0.8446842674151958,0.54606466576679,1.3849442875926172,1.5442446544629826,1.2702218171813353,-0.7983901931917722,1.0,1.0,0
0.4507904589804728,-0.6716286027244339,-0.7316290117382097,1.4931968992011186,0.7101845859640583,0.4641345663425967,0.5843266048501892,-0.7983901931917722,1.0,1.0,0
0.4507904589804728,-0.6716286027244339,-0.5620461282227306,0.18178303752281774,1.1150404069411934,-0.7085369407975582,0.022584531843078508,-0.7983901931917722,1.0,1.0,0
0.4507904589804728,-0.6716286027244339,-0.9012118952536887,1.7117658761475012,-0.36943093664163557,2.5112902886520527,1.3821631723095633,-0.7983901931917722,1.0,1.0,0
-1.4544371412389328,-0.6716286027244339,0.0032301501621998917,-0.18249859072115457,-0.23447899631592428,-0.40907352632183663,-0.6510988962922609,-0.7983901931917722,0.0,0.0,1
-0.5018233411292511,0.8698140920529555,0.1728130336776789,0.25463936317161195,0.035424884335499486,1.6647106189225345,-0.7691461435183928,-0.7983901931917722,1.0,0.0,1
0.4507904589804728,-0.6716286027244339,-0.6751013838997166,0.7646336427131734,0.035424884335499486,1.0385598432005714,0.6413149310972872,-0.7983901931917722,1.0,1.0,0
-1.4544371412389328,-0.6716286027244339,-0.5620461282227306,0.036070386225228686,0.035424884335499486,0.3123610630969467,-0.07714503908934343,-0.7983901931917722,1.0,1.0,1
0.4507904589804728,-0.6716286027244339,-0.5055185003842375,-0.3646394048431407,0.035424884335499486,-0.27227319379997283,0.6616679047569651,1.2525203948237895,1.0,1.0,1
1.4034042590901543,-0.6716286027244339,-0.9012118952536887,1.1289152709571457,-0.0995270559902118,2.5112902886520527,1.7546225902816697,-0.7983901931917722,1.0,1.0,0
-0.5018233411292511,-0.6716286027244339,0.1728130336776789,-1.2389153126286745,-1.5839983995730413,0.71187248195433,-0.7691461435183928,1.2525203948237895,0.0,1.0,1
0.4507904589804728,-0.6716286027244339,-0.9577395230921818,0.400352014469201,1.9922280190583204,0.6302006416427693,2.4893649393960424,-0.7983901931917722,1.0,1.0,0
-1.4544371412389328,1.64053543944165,-0.5620461282227306,-0.4010675676675378,0.035424884335499486,-0.5383872734818074,-0.018121415476277488,1.2525203948237895,1.0,1.0,1
-1.4544371412389328,0.8698140920529555,0.05975777800069273,-0.5103520561407298,-0.9092386979444831,-0.38797496757468364,-0.7040166278074236,1.2525203948237895,1.0,1.0,1
-0.5018233411292511,2.4112567868303447,-0.44899087254574455,-0.5103520561407298,-0.23447899631592428,0.4743435463815417,-0.16669812319192628,1.2525203948237895,0.0,1.0,1
0.4507904589804728,-0.6716286027244339,-0.6185737560612236,0.036070386225228686,0.035424884335499486,-1.0277377166819066,0.30142027098066587,-0.7983901931917722,1.0,1.0,0
0.4507904589804728,-0.6716286027244339,-0.22288036119177232,0.036070386225228686,0.035424884335499486,0.6152274709189833,-0.5432281358959679,-0.7983901931917722,0.0,0.0,1
-1.4544371412389328,1.64053543944165,2.0452907058277607,-1.967478569116619,-1.7864263100616096,-1.112131951670519,-1.229123348227114,1.2525203948237895,0.0,1.0,1
-1.4544371412389328,1.64053543944165,0.7946169399011023,-0.7653491959115102,-1.5839983995730413,-0.4056705329755216,-0.9563935011874297,1.2525203948237895,0.0,0.0,1
0.4507904589804728,-0.6716286027244339,-0.5620461282227306,1.3110560850791324,0.5752326456383471,-0.19808793885030576,0.10399642648179021,-0.7983901931917722,1.0,1.0,0
-1.4544371412389328,2.4112567868303447,2.0452907058277607,-2.737023508782011,-1.7864263100616096,-0.37504359285868644,-1.2189468613972751,1.2525203948237895,0.0,0.0,1
-1.4544371412389328,-0.6716286027244339,-0.5055185003842375,0.18178303752281774,-0.23447899631592428,-0.38525257289763165,-0.19112169158353984,-0.7983901931917722,0.0,0.0,1
0.4507904589804728,-0.6716286027244339,-0.9577395230921818,0.6189209914155842,1.1150404069411934,2.5112902886520527,2.153540874011357,-0.7983901931917722,1.0,1.0,0
0.4507904589804728,-0.6716286027244339,-0.5620461282227306,1.347484247903529,0.5752326456383471,0.6526603977284483,0.034796316038885146,-0.7983901931917722,1.0,1.0,0
-0.5018233411292511,0.8698140920529555,0.9641998234165813,-1.7489095921702353,-1.7864263100616096,0.6267976482964546,-0.9767464748471076,1.2525203948237895,0.0,0.0,1
0.4507904589804728,-0.6716286027244339,-0.5620461282227306,0.7282054798887762,1.9922280190583204,0.53968101863079,0.016478639745174897,-0.7983901931917722,1.0,1.0,0
0.4507904589804728,-0.6716286027244339,0.6815616842241161,-1.020346335682291,-1.7864263100616096,-0.6547696459257808,-0.9340052301617842,1.2525203948237895,0.0,0.0,1
-0.5018233411292511,-0.6716286027244339,-0.5620461282227306,-0.03678593942356552,-0.0995270559902118,-0.5948769630306365,0.016478639745174897,-0.7983901931917722,1.0,0.0,1
-1.4544371412389328,0.09909274466426074,0.2858682893546651,-0.47392389331633267,0.035424884335499486,-1.1495648784799841,-0.8057814961058133,1.2525203948237895,1.0,0.0,1
0.4507904589804728,-0.6716286027244339,1.3598932182860324,-0.9839181728578934,0.035424884335499486,-0.683354790034827,-1.0378053958261415,1.2525203948237895,0.0,0.0,1
-1.4544371412389328,1.64053543944165,1.0772550790935673,-2.5139010114825773,-1.7864263100616096,-0.46216022252435096,-1.0011700432387212,1.2525203948237895,0.0,0.0,1
1.4034042590901543,-0.6716286027244339,-0.9577395230921818,1.4931968992011186,1.5198962279183297,2.5112902886520527,2.037528924151193,-0.7983901931917722,1.0,1.0,0
-1.4544371412389328,0.09909274466426074,-0.39246324470725147,-0.4374957304919349,-1.0441906382701944,-0.18651776147283458,-0.3295219124693497,1.2525203948237895,0.0,0.0,1
1.4034042590901543,-0.6716286027244339,-0.16635273335327935,-0.9474900100334963,-1.4490464592473296,0.7302486460244307,-0.561545812189678,1.2525203948237895,0.0,0.0,1
0.4507904589804728,-0.6716286027244339,1.6990589853169908,-0.14607042789675748,0.035424884335499486,-0.8174327278796386,-1.0561230721198516,-0.7983901931917722,0.0,1.0,1
-1.4544371412389328,-0.6716286027244339,-0.8446842674151958,0.036070386225228686,0.035424884335499486,-0.011603903472242718,1.184739327810688,-0.7983901931917722,1.0,1.0,1
0.4507904589804728,-0.6716286027244339,-0.8446842674151958,1.2746279222547348,1.5198962279183297,-0.10892951317685216,0.9974919701416509,-0.7983901931917722,1.0,1.0,0
0.4507904589804728,-0.6716286027244339,-0.7881566395767027,0.9103462940107624,-0.23447899631592428,0.08572170623236673,1.1399627857593964,-0.7983901931917722,1.0,1.0,0
0.4507904589804728,-0.6716286027244339,-0.5620461282227306,-0.47392389331633267,-0.7742867576187706,-0.5948769630306365,-0.024227307574180807,1.2525203948237895,0.0,0.0,1
0.4507904589804728,-0.6716286027244339,-0.6185737560612236,1.638909550498707,1.7898001085697521,-0.34713904741890333,0.11620821067759685,-0.7983901931917722,1.0,1.0,0
1.4034042590901543,-0.6716286027244339,-0.8446842674151958,0.18178303752281774,0.8451365262897708,2.4194945431352055,1.2071275988363335,-0.7983901931917722,1.0,1.0,0
1.4034042590901543,-0.6716286027244339,-0.9577395230921818,1.930334853093885,0.5752326456383471,2.5112902886520527,2.0782348714705488,-0.7983901931917722,1.0,1.0,0
1.4034042590901543,-0.6716286027244339,-0.8446842674151958,1.7846222017962954,0.7101845859640583,0.8636459851999795,1.034127322729071,-0.7983901931917722,1.0,1.0,0
0.4507904589804728,-0.6716286027244339,2.0452907058277607,-0.5467802189651269,-0.23447899631592428,-0.6309486925015758,-1.1436408588564666,1.2525203948237895,1.0,1.0,1
-1.4544371412389328,0.8698140920529555,0.05975777800069273,-1.676053266521441,0.035424884335499486,0.7955861182736791,-0.6694165725859711,1.2525203948237895,1.0,1.0,1
0.4507904589804728,1.64053543944165,-0.9012118952536887,-0.5467802189651269,-1.3140945189216182,-0.2545776283991349,2.4079530447573307,1.2525203948237895,0.0,0.0,1
1.4034042590901543,-0.6716286027244339,-0.6751013838997166,0.4367801772935981,0.17037682466121196,0.6302006416427693,0.24850253946550335,-0.7983901931917722,1.0,1.0,0
-0.5018233411292511,-0.6716286027244339,2.0452907058277607,0.5824928285911871,0.5752326456383471,-1.766867871501528,-1.2067350772014682,-0.7983901931917722,1.0,1.0,1
0.4507904589804728,-0.6716286027244339,1.7555866131554838,-2.2589038717117966,-1.7864263100616096,-0.9413016856855052,-1.062228964217755,1.2525203948237895,0.0,1.0,1
0.4507904589804728,-0.6716286027244339,-0.5620461282227306,0.54606466576679,1.9922280190583204,0.8799803532622916,-0.03236849703805195,-0.7983901931917722,1.0,1.0,0
-0.5018233411292511,0.8698140920529555,2.0452907058277607,-0.838205521560305,-0.7742867576187706,-0.5084409320342351,-1.1965585903716294,1.2525203948237895,0.0,1.0,1
0.4507904589804728,-0.6716286027244339,-0.8446842674151958,0.655349154239982,1.3849442875926172,2.5112902886520527,0.9384683465285851,-0.7983901931917722,1.0,1.0,0
0.4507904589804728,0.8698140920529555,2.0452907058277607,-1.0932026613310855,-1.4490464592473296,-0.9447046790318203,-1.1354996693925956,1.2525203948237895,0.0,0.0,1
-0.5018233411292511,0.8698140920529555,0.625034056385623,0.036070386225228686,0.035424884335499486,-0.3886555662439465,-0.9156875538680739,-0.7983901931917722,1.0,1.0,1
-1.4544371412389328,-0.6716286027244339,-0.5620461282227306,0.036070386225228686,0.035424884335499486,-0.4247272957148857,-0.040509686501923235,-0.7983901931917722,1.0,1.0,1
-1.9307440412938157,1.64053543944165,-0.5055185003842375,-1.0932026613310855,0.035424884335499486,-0.27227319379997283,0.43167930240260466,1.2525203948237895,1.0,1.0,1
-0.5018233411292511,1.64053543944165,2.0452907058277607,-0.5832083817895239,-1.7864263100616096,-1.097839379615996,-1.2026644824695327,1.2525203948237895,0.0,0.0,1
0.4507904589804728,-0.6716286027244339,2.0452907058277607,-2.1496193832386052,0.035424884335499486,-0.9351762976621382,-1.1151466957329177,1.2525203948237895,0.0,0.0,1
1.4034042590901543,2.4112567868303447,2.0452907058277607,-0.9839181728578934,-1.7864263100616096,-0.515246918726865,-1.1436408588564666,1.2525203948237895,0.0,1.0,1
1.4034042590901543,-0.6716286027244339,-1.0142671509306749,0.7646336427131734,0.4402807053126345,0.9364700428111208,2.6359063497457242,-0.7983901931917722,1.0,1.0,0
0.4507904589804728,-0.6716286027244339,-0.7316290117382097,0.2910675259960097,0.5752326456383471,0.53968101863079,0.5415853601648656,-0.7983901931917722,1.0,1.0,0
-0.5018233411292511,1.64053543944165,-0.39246324470725147,-0.8746336843847021,-1.0441906382701944,-0.4587572291780359,-0.3641219676908022,1.2525203948237895,1.0,1.0,1
0.4507904589804728,0.8698140920529555,0.2858682893546651,-0.9839181728578934,0.035424884335499486,1.9008783571567966,-0.7691461435183928,1.2525203948237895,1.0,1.0,1
-1.4544371412389328,1.64053543944165,-0.2794079890302654,-1.676053266521441,-1.7864263100616096,-0.5145663200576022,-0.4577456465253207,1.2525203948237895,0.0,1.0,1
0.4507904589804728,-0.6716286027244339,-0.7881566395767027,0.8010618055375704,1.654848168244041,-0.4247272957148857,0.6413149310972872,-0.7983901931917722,1.0,1.0,0
-1.4544371412389328,0.09909274466426074,0.9641998234165813,0.47320834011799584,0.035424884335499486,-0.28044037783112896,-0.9767464748471076,-0.7983901931917722,0.0,1.0,1
-0.5018233411292511,0.09909274466426074,2.0452907058277607,-1.82176591781903,0.035424884335499486,-0.7173847234979772,-1.0947937220732398,1.2525203948237895,1.0,1.0,1
1.4034042590901543,-0.6716286027244339,-0.7316290117382097,1.6024813876743091,0.30532876498692324,0.53968101863079,0.5680442259224469,-0.7983901931917722,1.0,1.0,0
-0.5018233411292511,1.64053543944165,-0.22288036119177232,-0.14607042789675748,0.035424884335499486,-0.027938271534554932,-0.20740407051128212,-0.7983901931917722,1.0,1.0,1
1.4034042590901543,-0.6716286027244339,-0.5620461282227306,1.4567687363767208,1.9247520488954648,-0.19808793885030576,0.053113992332595394,-0.7983901931917722,1.0,1.0,0
0.4507904589804728,-0.6716286027244339,-0.7881566395767027,0.400352014469201,0.035424884335499486,2.127517714021377,0.6189266600716417,-0.7983901931917722,1.0,1.0,0
-1.4544371412389328,1.64053543944165,0.9641998234165813,-0.5832083817895239,-1.4490464592473296,-0.681993592696301,-0.9706405827492043,1.2525203948237895,0.0,0.0,1
1.4034042590901543,0.09909274466426074,-0.5620461282227306,0.036070386225228686,0.035424884335499486,-0.9351762976621382,-0.014050820744341845,-0.7983901931917722,1.0,1.0,1
1.4034042590901543,-0.6716286027244339,-0.9012118952536887,1.3839124107279266,1.1150404069411934,0.6526603977284483,2.0700936820066773,-0.7983901931917722,1.0,1.0,0
-1.4544371412389328,2.4112567868303447,-0.6751013838997166,-0.9474900100334963,0.035424884335499486,2.5112902886520527,1.1765981383468167,1.2525203948237895,1.0,1.0,1
0.4507904589804728,-0.6716286027244339,-0.5055185003842375,1.0196307824839543,1.7898001085697521,-0.27227319379997283,0.16505534746082398,-0.7983901931917722,1.0,1.0,0
0.4507904589804728,-0.6716286027244339,2.0452907058277607,-1.676053266521441,0.035424884335499486,-1.0794632155458947,-1.1436408588564666,1.2525203948237895,0.0,0.0,1
-0.5018233411292511,1.64053543944165,-0.16635273335327935,-0.619636544613921,-1.0441906382701944,0.19325629597592114,-0.5371222437980646,1.2525203948237895,0.0,0.0,1
-1.9307440412938157,2.4112567868303447,2.0452907058277607,-0.8017773587359073,-1.0441906382701944,-0.8432954773116327,-1.1619585351501769,1.2525203948237895,1.0,0.0,1
1.4034042590901543,-0.6716286027244339,-0.9577395230921818,1.4203405735523231,1.9922280190583204,2.5112902886520527,2.3448588264123296,-0.7983901931917722,1.0,1.0,0
-0.5018233411292511,2.4112567868303447,-0.39246324470725147,-0.5467802189651269,0.035424884335499486,-0.6853965860426159,-0.34173369666515646,1.2525203948237895,0.0,0.0,1
-1.4544371412389328,2.4112567868303447,0.0032301501621998917,0.036070386225228686,-0.0995270559902118,-0.34713904741890333,-0.6694165725859711,-0.7983901931917722,0.0,0.0,1
0.4507904589804728,-0.6716286027244339,-0.7316290117382097,0.07249854904962579,0.035424884335499486,-0.5193305107424432,0.6677737968548685,-0.7983901931917722,1.0,1.0,1
1.4034042590901543,-0.6716286027244339,-0.6185737560612236,1.1289152709571457,1.9922280190583204,-0.9658032377789733,0.24239664736760003,-0.7983901931917722,1.0,1.0,0
0.4507904589804728,-0.6716286027244339,2.0452907058277607,-2.295332034536194,-1.7864263100616096,-0.8460178719886848,-1.1131113983669498,1.2525203948237895,0.0,0.0,1
0.4507904589804728,-0.6716286027244339,-0.8446842674151958,0.4367801772935981,1.3849442875926172,-0.40022574362141766,1.4147279301650486,-0.7983901931917722,1.0,1.0,0
0.4507904589804728,-0.6716286027244339,-0.9577395230921818,1.529625062025515,0.30532876498692324,2.5112902886520527,2.6359063497457242,-0.7983901931917722,1.0,1.0,0
0.4507904589804728,-0.6716286027244339,0.5685064285471302,-0.8746336843847021,0.035424884335499486,-0.1484042359941065,-0.9055110670382349,1.2525203948237895,0.0,1.0,1
1.4034042590901543,-0.6716286027244339,-0.8446842674151958,0.3639238516448039,-0.36943093664163557,1.8355408849075483,1.0504097016568137,-0.7983901931917722,1.0,1.0,0
0.4507904589804728,-0.6716286027244339,-0.9012118952536887,1.4567687363767208,0.4402807053126345,0.8799803532622916,1.4717162564121464,-0.7983901931917722,1.0,1.0,0
0.4507904589804728,-0.6716286027244339,-0.10982510551478628,0.036070386225228686,0.035424884335499486,1.0385598432005714,-0.5880046779472594,-0.7983901931917722,0.0,0.0,1
0.4507904589804728,-0.6716286027244339,2.0452907058277607,0.036070386225228686,0.035424884335499486,-1.919321973416441,-1.2820410797422765,-0.7983901931917722,0.0,1.0,1
-0.5018233411292511,3.181978134219039,2.0452907058277607,-1.6396251036970437,-1.7864263100616096,-0.270231397792184,-1.2169115640313073,1.2525203948237895,0.0,0.0,1
0.4507904589804728,-0.6716286027244339,-0.5620461282227306,0.25463936317161195,0.7101845859640583,-0.9916659872109674,-0.018121415476277488,-0.7983901931917722,1.0,1.0,0
0.4507904589804728,-0.6716286027244339,-0.9577395230921818,0.9832026196595566,0.5752326456383471,1.7191585124635747,2.6359063497457242,-0.7983901931917722,1.0,1.0,0
0.4507904589804728,-0.6716286027244339,-0.7316290117382097,1.821050364620693,-0.0995270559902118,1.7491048539111467,0.732903312565838,-0.7983901931917722,1.0,1.0,0
-1.4544371412389328,1.64053543944165,-0.5055185003842375,-0.8017773587359073,0.035424884335499486,-0.12390268390063816,-0.16669812319192628,1.2525203948237895,0.0,0.0,1
0.4507904589804728,-0.6716286027244339,-0.8446842674151958,0.6917773170643791,-0.0995270559902118,0.6689947657907606,1.0117390517034255,-0.7983901931917722,1.0,1.0,0
1.4034042590901543,-0.6716286027244339,-0.5620461282227306,0.3639238516448039,1.9922280190583204,-0.9351762976621382,0.24239664736760003,-0.7983901931917722,1.0,1.0,0
0.4507904589804728,-0.6716286027244339,-0.7316290117382097,1.0924871081327485,0.8451365262897708,-0.5948769630306365,0.48459703391776715,-0.7983901931917722,1.0,1.0,0
-1.4544371412389328,0.8698140920529555,-0.05329747767629319,-0.5103520561407298,-0.9092386979444831,0.6370066283353994,-0.6022517595090339,1.2525203948237895,0.0,1.0,1
-0.5018233411292511,1.64053543944165,-0.6185737560612236,-0.10964226507236037,-0.5043828769673468,-0.40907352632183663,0.09178464228598328,-0.7983901931917722,0.0,0.0,1
-1.4544371412389328,-0.6716286027244339,0.0032301501621998917,0.036070386225228686,-1.7864263100616096,-0.1620162093793665,-0.6734871673179067,-0.7983901931917722,0.0,1.0,1
-1.4544371412389328,0.8698140920529555,2.0452907058277607,-1.530340615223852,-1.7864263100616096,-0.8296835039263727,-1.2250527534951783,1.2525203948237895,0.0,0.0,1
0.4507904589804728,1.64053543944165,2.0452907058277607,-1.1660589869798796,0.035424884335499486,-0.9297315083080342,-1.0947937220732398,1.2525203948237895,0.0,0.0,1
-1.4544371412389328,1.64053543944165,-0.7881566395767027,0.9103462940107624,0.035424884335499486,-0.5098021293727611,1.5327751773911802,-0.7983901931917722,1.0,1.0,1
-1.4544371412389328,0.8698140920529555,0.6815616842241161,0.18178303752281774,-0.7742867576187706,-0.27227319379997283,-0.9238287433319451,-0.7983901931917722,0.0,1.0,1
0.4507904589804728,-0.6716286027244339,-0.6185737560612236,0.036070386225228686,0.035424884335499486,0.023787227329433423,0.18947891585243726,-0.7983901931917722,1.0,1.0,0
-0.5018233411292511,1.64053543944165,-0.5055185003842375,0.655349154239982,0.035424884335499486,-0.27227319379997283,0.24239664736760003,-0.7983901931917722,0.0,0.0,1
0.4507904589804728,-0.6716286027244339,0.1728130336776789,-0.10964226507236037,0.035424884335499486,-0.15929381470231455,-0.48623980964886976,-0.7983901931917722,1.0,1.0,1
0.4507904589804728,-0.6716286027244339,-0.6751013838997166,1.3839124107279266,0.17037682466121196,1.378859177832073,0.31159675781050483,-0.7983901931917722,1.0,1.0,0
1.4034042590901543,-0.6716286027244339,-0.7881566395767027,1.347484247903529,1.249992347266906,1.0215448764689963,0.9160800755029392,-0.7983901931917722,1.0,1.0,0
1.4034042590901543,-0.6716286027244339,-0.7316290117382097,0.9832026196595566,0.9800884666154821,-0.27227319379997283,0.3950439498151845,-0.7983901931917722,1.0,1.0,0
-1.4544371412389328,-0.6716286027244339,-0.10982510551478628,-1.2753434754530715,-1.7864263100616096,-0.5948769630306365,-0.561545812189678,1.2525203948237895,0.0,1.0,1
0.4507904589804728,-0.6716286027244339,-0.9012118952536887,0.036070386225228686,1.9922280190583204,1.3332590669914517,1.96629351634232,-0.7983901931917722,1.0,1.0,0
-0.5018233411292511,0.8698140920529555,0.0032301501621998917,0.036070386225228686,0.035424884335499486,-0.5329424841277033,-0.6429577068283897,-0.7983901931917722,1.0,1.0,1
0.4507904589804728,-0.6716286027244339,2.0452907058277607,-1.4210561267506605,-1.7864263100616096,-1.088310998246314,-1.2209821587632428,1.2525203948237895,0.0,1.0,1
0.4507904589804728,1.64053543944165,-0.22288036119177232,-0.5103520561407298,0.035424884335499486,-0.4437840584542499,-0.4821692149169341,1.2525203948237895,1.0,1.0,1
-1.4544371412389328,0.09909274466426074,0.398923545031651,-0.6924928702627159,0.17037682466121196,0.6962187125612807,-0.8464874434251691,1.2525203948237895,1.0,1.0,1
-0.5018233411292511,-0.6716286027244339,-0.7316290117382097,0.036070386225228686,0.035424884335499486,-0.7459698676070232,0.5497265496287366,-0.7983901931917722,1.0,1.0,1
-1.4544371412389328,-0.6716286027244339,-0.6751013838997166,-1.020346335682291,-0.36943093664163557,0.017661839306066403,0.33194973147018275,1.2525203948237895,0.0,1.0,1
-1.4544371412389328,0.8698140920529555,0.625034056385623,-0.5832083817895239,0.035424884335499486,-0.4505900451468798,-0.9136522565021061,1.2525203948237895,1.0,1.0,1
-1.4544371412389328,0.09909274466426074,-0.22288036119177232,0.3639238516448039,0.30532876498692324,0.12383523171109483,-0.5004868912106443,-0.7983901931917722,0.0,0.0,1
0.4507904589804728,-0.6716286027244339,0.3423959171931579,-0.3646394048431407,0.035424884335499486,-0.716704124828714,-0.8261344697654912,1.2525203948237895,0.0,0.0,1
0.4507904589804728,1.64053543944165,-0.39246324470725147,-0.5832083817895239,0.035424884335499486,0.2218414400849674,-0.3600513729588666,1.2525203948237895,0.0,0.0,1
1.4034042590901543,-0.6716286027244339,-0.6751013838997166,1.0196307824839543,1.7898001085697521,0.2899013070112677,0.4418557892324436,-0.7983901931917722,1.0,1.0,0
0.4507904589804728,-0.6716286027244339,-0.7881566395767027,-0.4374957304919349,0.035424884335499486,0.0006468725744913214,0.702373852076321,1.2525203948237895,1.0,1.0,1
-1.4544371412389328,0.09909274466426074,-0.3359356168687584,0.036070386225228686,0.035424884335499486,0.2136742560538113,-0.4312867807677393,-0.7983901931917722,1.0,1.0,1
1.4034042590901543,-0.6716286027244339,-0.5055185003842375,0.47320834011799584,-0.5043828769673468,-0.27227319379997283,0.35433800249582864,-0.7983901931917722,1.0,1.0,0
0.4507904589804728,-0.6716286027244339,-0.9577395230921818,0.9467744568351595,1.1150404069411934,2.5112902886520527,2.047705410981032,-0.7983901931917722,1.0,1.0,0
1.4034042590901543,-0.6716286027244339,-0.7881566395767027,0.18178303752281774,0.5752326456383471,1.2767693774426225,0.7756445572511618,-0.7983901931917722,1.0,1.0,0
1.4034042590901543,-0.6716286027244339,-0.7881566395767027,0.3274956888204068,1.3849442875926172,0.6812455418374946,1.0117390517034255,-0.7983901931917722,1.0,1.0,0
-0.5018233411292511,0.8698140920529555,-0.3359356168687584,-0.21892675354555166,0.035424884335499486,0.17079653989024215,-0.286780667784026,1.2525203948237895,1.0,1.0,1
-0.5018233411292511,-0.6716286027244339,0.0032301501621998917,-0.5832083817895239,-1.4490464592473296,-0.7806803997394365,-0.6572047883901643,1.2525203948237895,1.0,1.0,1
0.4507904589804728,1.64053543944165,-0.5055185003842375,0.9103462940107624,0.035424884335499486,-0.8569074506968929,-0.12802747323853825,-0.7983901931917722,0.0,0.0,1
-0.5018233411292511,0.8698140920529555,-0.6185737560612236,-0.03678593942356552,0.30532876498692324,-0.03814725157349989,0.37469097615550656,-0.7983901931917722,1.0,0.0,1
0.4507904589804728,-0.6716286027244339,2.0452907058277607,-2.3681883601849885,0.035424884335499486,-0.7343996902295523,-1.2006291851035649,1.2525203948237895,0.0,1.0,1
0.4507904589804728,-0.6716286027244339,-0.6185737560612236,1.0560589453083513,-0.36943093664163557,-0.8426148786423698,0.10603172384775789,-0.7983901931917722,1.0,1.0,0
-1.4544371412389328,2.4112567868303447,-0.2794079890302654,-1.530340615223852,-1.1791425785959062,-0.35462563278079634,-0.2582865046604769,1.2525203948237895,1.0,1.0,1
0.4507904589804728,0.8698140920529555,0.11628540583918581,0.3274956888204068,1.7898001085697521,-0.5948769630306365,-0.7365813856629082,-0.7983901931917722,0.0,1.0,1
0.4507904589804728,0.09909274466426074,0.5685064285471302,0.036070386225228686,0.035424884335499486,-0.5526798455363303,-0.9014404723062994,-0.7983901931917722,0.0,1.0,1
0.4507904589804728,-0.6716286027244339,-0.7316290117382097,0.9103462940107624,1.9922280190583204,-0.06537119834401992,0.5680442259224469,-0.7983901931917722,1.0,1.0,0
-0.5018233411292511,-0.6716286027244339,-0.5055185003842375,0.036070386225228686,0.035424884335499486,-0.27227319379997283,0.24850253946550335,-0.7983901931917722,1.0,0.0,1
1.4034042590901543,-0.6716286027244339,-0.5620461282227306,1.6024813876743091,1.654848168244041,0.14221139578119588,0.1202788054095325,-0.7983901931917722,1.0,1.0,0
-1.4544371412389328,1.64053543944165,2.0452907058277607,-1.0567744985066883,-1.3140945189216182,-0.8725612200899419,-1.210805671933404,1.2525203948237895,1.0,0.0,1
0.4507904589804728,-0.6716286027244339,-0.44899087254574455,0.036070386225228686,0.035424884335499486,-0.40022574362141766,-0.20740407051128212,-0.7983901931917722,1.0,1.0,1
0.4507904589804728,-0.6716286027244339,2.0452907058277607,0.036070386225228686,0.035424884335499486,-0.5111633267112872,-1.1497467509543702,-0.7983901931917722,0.0,0.0,1
1.4034042590901543,-0.6716286027244339,-0.5055185003842375,1.0560589453083513,-0.36943093664163557,-0.27227319379997283,0.5700795232884145,-0.7983901931917722,1.0,1.0,0
0.4507904589804728,0.8698140920529555,-0.3359356168687584,0.036070386225228686,0.035424884335499486,0.38382392336956234,-0.41703969920596484,-0.7983901931917722,0.0,0.0,1
0.4507904589804728,-0.6716286027244339,-0.5620461282227306,1.8939066902694874,0.9800884666154821,0.6526603977284483,0.22814956580582543,-0.7983901931917722,1.0,1.0,0
0.4507904589804728,-0.6716286027244339,-0.8446842674151958,0.47320834011799584,0.035424884335499486,0.6689947657907606,1.0117390517034255,-0.7983901931917722,1.0,1.0,0
1.4034042590901543,-0.6716286027244339,-0.6751013838997166,1.2017715966059406,0.5752326456383471,-0.18651776147283458,0.2932790815167948,-0.7983901931917722,1.0,1.0,0
-0.5018233411292511,0.09909274466426074,-0.8446842674151958,-1.6031969408726467,0.035424884335499486,-0.40022574362141766,2.5789180234986255,1.2525203948237895,1.0,1.0,1
-1.4544371412389328,1.64053543944165,1.9251694966709627,-1.2024871498042773,-1.7864263100616096,-0.8623522400509969,-1.0947937220732398,1.2525203948237895,0.0,0.0,1
0.4507904589804728,-0.6716286027244339,2.0452907058277607,-0.5832083817895239,-1.5839983995730413,-1.7947724169413113,-1.28814697184018,1.2525203948237895,0.0,0.0,1
0.4507904589804728,-0.6716286027244339,-0.5620461282227306,0.9832026196595566,1.249992347266906,-0.2545776283991349,-0.003874333914502882,-0.7983901931917722,1.0,1.0,0
-0.5018233411292511,0.09909274466426074,-0.22288036119177232,-0.8017773587359073,0.035424884335499486,-0.8596298453739448,-0.5472987306279036,1.2525203948237895,0.0,1.0,1
-1.4544371412389328,1.64053543944165,1.2468379626090467,-0.9110618472090992,-1.1791425785959062,-0.8575880493661557,-1.021523016898399,1.2525203948237895,0.0,0.0,1
0.4507904589804728,-0.6716286027244339,-0.5620461282227306,0.8739181311863653,0.8451365262897708,-0.8786866081133089,0.006302152915335936,-0.7983901931917722,1.0,1.0,0
1.4034042590901543,-0.6716286027244339,-0.7316290117382097,1.529625062025515,0.5752326456383471,-0.6704234153188299,1.0239508358992322,-0.7983901931917722,1.0,1.0,0
-1.4544371412389328,0.09909274466426074,2.0452907058277607,-2.3317601973605915,0.035424884335499486,-0.7534564529689162,-1.1070055062690465,1.2525203948237895,0.0,1.0,1
-0.5018233411292511,1.64053543944165,2.0452907058277607,-1.7853377549946328,-1.7864263100616096,-0.8072237478406936,-1.1741703193459836,1.2525203948237895,0.0,1.0,1
0.4507904589804728,-0.6716286027244339,-0.9577395230921818,0.2910675259960097,0.17037682466121196,2.5112902886520527,2.6359063497457242,-0.7983901931917722,1.0,1.0,0
0.4507904589804728,-0.6716286027244339,-0.5620461282227306,1.638909550498707,0.17037682466121196,-0.14091765063221326,0.012408045013239544,-0.7983901931917722,1.0,1.0,0
1.4034042590901543,-0.6716286027244339,-0.6185737560612236,1.2381997594303376,-0.36943093664163557,-0.10008173047643319,0.18947891585243726,-0.7983901931917722,1.0,1.0,0
-1.4544371412389328,2.4112567868303447,2.0452907058277607,-1.1296308241554824,-1.7864263100616096,-0.9188419295998261,-1.1171819930988853,1.2525203948237895,0.0,0.0,1
-1.4544371412389328,0.8698140920529555,1.0207274512550744,-1.1296308241554824,0.035424884335499486,-1.0202511313200135,-0.9726758801151721,1.2525203948237895,0.0,0.0,1
0.4507904589804728,0.09909274466426074,-0.5620461282227306,1.0560589453083513,0.5752326456383471,0.08572170623236673,0.016478639745174897,-0.7983901931917722,0.0,0.0,1
-1.4544371412389328,0.8698140920529555,-0.5620461282227306,0.036070386225228686,0.035424884335499486,0.8228100650441992,-0.11174509431079598,-0.7983901931917722,0.0,0.0,1
-1.4544371412389328,-0.6716286027244339,2.0452907058277607,-0.619636544613921,-1.3140945189216182,-0.27227319379997283,-1.2352292403250174,1.2525203948237895,1.0,0.0,1
-0.5018233411292511,1.64053543944165,2.0452907058277607,-1.4210561267506605,-1.7864263100616096,-0.9937077832187564,-1.2270880508611461,1.2525203948237895,0.0,1.0,1
1.4034042590901543,-0.6716286027244339,-0.5055185003842375,0.54606466576679,0.9800884666154821,-0.27227319379997283,0.6413149310972872,-0.7983901931917722,1.0,1.0,0
0.4507904589804728,-0.6716286027244339,-0.8446842674151958,0.6917773170643791,0.035424884335499486,0.2803729256415856,1.6589636140811836,-0.7983901931917722,1.0,1.0,0
0.4507904589804728,-0.6716286027244339,-0.39246324470725147,-0.9839181728578934,0.035424884335499486,-0.4131571183374146,-0.32341602037144634,1.2525203948237895,1.0,0.0,1
-0.5018233411292511,2.4112567868303447,2.0452907058277607,-1.676053266521441,-1.7864263100616096,-1.4456252996093906,-1.1416055614904987,1.2525203948237895,0.0,0.0,1
-1.4544371412389328,1.64053543944165,2.0452907058277607,-1.6031969408726467,-1.7189503398987533,-1.0447526834134817,-1.2046997798355004,1.2525203948237895,0.0,0.0,1
0.4507904589804728,-0.6716286027244339,-0.5620461282227306,1.1653434337815427,1.9247520488954648,0.8228100650441992,-0.02829790230611645,-0.7983901931917722,1.0,1.0,0
-1.4544371412389328,-0.6716286027244339,-0.5055185003842375,-0.21892675354555166,0.035424884335499486,-0.27227319379997283,0.4215028155727657,1.2525203948237895,1.0,1.0,1
-1.4544371412389328,-0.6716286027244339,-0.5055185003842375,0.036070386225228686,0.035424884335499486,-0.27227319379997283,0.6209619574376093,-0.7983901931917722,1.0,1.0,1
-1.4544371412389328,0.09909274466426074,-0.16635273335327935,-0.8017773587359073,0.035424884335499486,0.04964997676142748,-0.5880046779472594,1.2525203948237895,1.0,0.0,1
0.4507904589804728,-0.6716286027244339,-0.7881566395767027,1.6753377133231047,0.5752326456383471,0.17079653989024215,0.86926823608568,-0.7983901931917722,1.0,1.0,0
0.4507904589804728,1.64053543944165,-0.5055185003842375,0.036070386225228686,0.035424884335499486,-0.27227319379997283,0.3461968130319573,-0.7983901931917722,1.0,1.0,1
-0.5018233411292511,2.4112567868303447,-0.9577395230921818,0.036070386225228686,0.035424884335499486,0.2218414400849674,2.2837999054332956,-0.7983901931917722,1.0,1.0,1
0.4507904589804728,-0.6716286027244339,2.0452907058277607,-2.3681883601849885,0.035424884335499486,-0.6397964752019948,-1.0988643168051753,1.2525203948237895,0.0,0.0,1
-1.4544371412389328,0.8698140920529555,0.4554511728701441,-1.020346335682291,-1.7189503398987533,-0.32263749532543523,-0.8607345249869436,1.2525203948237895,0.0,0.0,1
-1.4544371412389328,-0.6716286027244339,-0.9012118952536887,-0.2553549163699488,0.035424884335499486,0.8799803532622916,2.6359063497457242,1.2525203948237895,1.0,1.0,1
-0.5018233411292511,0.09909274466426074,-0.44899087254574455,-0.4010675676675378,-0.9092386979444831,0.2803729256415856,-0.2623570993924126,1.2525203948237895,0.0,0.0,1
-0.5018233411292511,0.09909274466426074,-0.5055185003842375,0.036070386225228686,0.035424884335499486,-0.27227319379997283,0.31159675781050483,-0.7983901931917722,1.0,1.0,1
-0.5018233411292511,-0.6716286027244339,-0.6751013838997166,-0.2553549163699488,-0.7742867576187706,-0.9351762976621382,0.3461968130319573,1.2525203948237895,1.0,1.0,1
1.4034042590901543,-0.6716286027244339,-0.8446842674151958,0.5096365029423929,0.30532876498692324,2.5112902886520527,0.9099741834050359,-0.7983901931917722,1.0,1.0,0
-0.5018233411292511,0.8698140920529555,0.3423959171931579,-0.5103520561407298,0.035424884335499486,-0.3029001339168082,-0.787463819812103,1.2525203948237895,0.0,1.0,1
1.4034042590901543,-0.6716286027244339,-0.5620461282227306,1.2381997594303376,0.4402807053126345,0.6526603977284483,-0.024227307574180807,-0.7983901931917722,1.0,1.0,0
0.4507904589804728,-0.6716286027244339,-0.6185737560612236,1.2017715966059406,0.5752326456383471,-0.40907352632183663,0.163020050094856,-0.7983901931917722,1.0,1.0,0
-1.4544371412389328,0.8698140920529555,-0.44899087254574455,-0.32821124201874363,-0.23447899631592428,-0.692202572735246,-0.21147466524321779,1.2525203948237895,1.0,1.0,1
0.4507904589804728,-0.6716286027244339,-0.8446842674151958,0.25463936317161195,0.8451365262897708,0.6689947657907606,1.1725275436148812,-0.7983901931917722,1.0,1.0,0
0.4507904589804728,-0.6716286027244339,-0.9577395230921818,1.0560589453083513,0.5752326456383471,2.127517714021377,2.552459157741044,-0.7983901931917722,1.0,1.0,0
-0.5018233411292511,0.8698140920529555,-0.6185737560612236,0.54606466576679,0.035424884335499486,-0.10008173047643319,0.18947891585243726,-0.7983901931917722,1.0,1.0,1
1.4034042590901543,-0.6716286027244339,-0.5620461282227306,1.0560589453083513,1.9247520488954648,-0.9916659872109674,-0.02829790230611645,-0.7983901931917722,1.0,1.0,0
1.4034042590901543,-0.6716286027244339,-0.5620461282227306,0.9103462940107624,-0.36943093664163557,-1.3891356100605614,0.06736107389436971,-0.7983901931917722,1.0,1.0,0
-1.9307440412938157,-0.6716286027244339,-0.7316290117382097,-0.9110618472090992,-1.7189503398987533,0.4641345663425967,0.3848674629853455,1.2525203948237895,0.0,0.0,1
0.4507904589804728,-0.6716286027244339,-0.16635273335327935,0.036070386225228686,0.035424884335499486,0.8023921049663093,-0.48623980964886976,-0.7983901931917722,0.0,1.0,1
0.4507904589804728,-0.6716286027244339,-0.9012118952536887,0.8374899683619682,1.5198962279183297,1.2202796878937934,1.5592340431487617,-0.7983901931917722,1.0,1.0,0
0.4507904589804728,-0.6716286027244339,2.0452907058277607,-1.1296308241554824,0.035424884335499486,-0.7316772955525003,-1.2230174561292106,1.2525203948237895,0.0,0.0,1
-1.4544371412389328,0.8698140920529555,0.5685064285471302,0.18178303752281774,-0.7742867576187706,-1.2114993573829176,-0.8973698775743639,-0.7983901931917722,0.0,1.0,1
1.4034042590901543,0.09909274466426074,0.4554511728701441,-0.18249859072115457,-1.1791425785959062,0.06326195014668774,-0.895334580208396,-0.7983901931917722,0.0,0.0,1
0.4507904589804728,-0.6716286027244339,-0.5620461282227306,1.4567687363767208,-0.23447899631592428,-0.7085369407975582,-0.003874333914502882,-0.7983901931917722,1.0,1.0,0
0.4507904589804728,-0.6716286027244339,2.0452907058277607,-1.4574842895750577,0.035424884335499486,-1.1556902665033515,-1.121252587830821,1.2525203948237895,0.0,0.0,1
0.4507904589804728,-0.6716286027244339,2.0452907058277607,0.036070386225228686,0.035424884335499486,-0.5111633267112872,-1.1354996693925956,-0.7983901931917722,0.0,0.0,1
0.4507904589804728,-0.6716286027244339,-0.7316290117382097,1.0924871081327485,1.3849442875926172,1.1447332356056,0.6799855810506754,-0.7983901931917722,1.0,1.0,0
-1.4544371412389328,0.8698140920529555,1.0207274512550744,-0.9110618472090992,0.035424884335499486,-0.49278716264118605,-0.9665699880172687,1.2525203948237895,0.0,0.0,1
0.4507904589804728,-0.6716286027244339,-0.5620461282227306,1.347484247903529,0.8451365262897708,0.4260210408638684,-0.07714503908934343,-0.7983901931917722,1.0,1.0,0
1.4034042590901543,-0.6716286027244339,-0.5620461282227306,0.8988935367332728,1.2454770669228337,-1.0733949548528603,-0.02537087810933318,-0.7983901931917722,1.0,1.0,0
0.4507904589804728,-0.6716286027244339,-0.9577395230921818,0.6469171090621328,0.023901045802472903,2.5112902886520527,2.3012283334480985,-0.7983901931917722,1.0,1.0,0
0.4507904589804728,-0.6716286027244339,-0.5373829489554434,1.0042299506441064,1.8183271049686143,-0.24311569044461082,0.22184624283147703,-0.7983901931917722,1.0,1.0,0
1.4034042590901543,-0.6716286027244339,-0.6527387129851848,1.0340419836684527,1.7631062073202257,0.4066207239534969,0.3508709093567414,-0.7983901931917722,1.0,1.0,0
0.4507904589804728,-0.6716286027244339,-0.570474470304831,0.818479767455556,0.9599669585812504,0.7561725617191396,0.01009047805818173,-0.7983901931917722,1.0,1.0,0
0.4507904589804728,-0.6716286027244339,-0.9577395230921818,1.1624773249296847,0.16683755796246344,2.5112902886520527,2.212037652584304,-0.7983901931917722,1.0,1.0,0
1.4034042590901543,-0.6716286027244339,-0.718754548818741,1.5029209321362749,0.24385674438143076,0.6843052618005696,0.5156631187340901,-0.7983901931917722,1.0,1.0,0
0.4507904589804728,-0.6716286027244339,-0.7432249352109579,1.6029492412962256,0.5752326456383471,0.09749340928993624,0.7171967268813537,-0.7983901931917722,1.0,1.0,0
1.3981438141123887,-0.6716286027244339,-0.9577395230921818,1.9261104808778915,0.5729969843767392,2.5112902886520527,2.0789878945497766,-0.7983901931917722,1.0,1.0,0
0.4507904589804728,-0.6716286027244339,-0.6394368114495281,1.1816043932110536,0.6250403222282577,-0.44336142712026116,0.22236340733133897,-0.7983901931917722,1.0,1.0,0
0.4507904589804728,-0.6716286027244339,-0.8846412362831195,1.2325171197857197,0.32160019459264355,0.7042098392808602,1.5266064441967633,-0.7983901931917722,1.0,1.0,0
1.4034042590901543,-0.6716286027244339,-0.8446842674151958,0.36934668665291903,1.0279915687259122,2.3403709153472363,1.2584218415649904,-0.7983901931917722,1.0,1.0,0
0.4507904589804728,-0.6716286027244339,-0.9141414399718532,0.693910800898815,0.4905338281354771,2.5112902886520527,1.7054967488781758,-0.7983901931917722,1.0,1.0,0
0.4507904589804728,-0.6716286027244339,-0.5222607744508595,1.38257822473729,1.2300074084223918,-0.2513593968539231,0.26267022746821156,-0.7983901931917722,1.0,1.0,0
0.4507904589804728,-0.6716286027244339,-0.7518922290342146,1.5584881388330034,0.661808940356739,0.35898293698061434,0.6864684142836128,-0.7983901931917722,1.0,1.0,0
0.4507904589804728,-0.6716286027244339,-0.5816955374472288,0.3517199934055096,0.72582134037069,-0.9456904161492985,0.04012809846094198,-0.7983901931917722,1.0,1.0,0
0.4507904589804728,-0.6716286027244339,-0.5775230054116688,1.352471138595835,0.5198092707322532,0.7520745228579577,0.07268934823354214,-0.7983901931917722,1.0,1.0,0
0.4507904589804728,-0.6716286027244339,-0.9577395230921818,1.1241757622649993,0.3228867707880656,2.366722440916466,2.3418720498074093,-0.7983901931917722,1.0,1.0,0
0.4507904589804728,-0.6716286027244339,-0.8072745066124698,0.41293830447997715,0.21404620635074206,0.6262051022692314,0.8561661237961343,-0.7983901931917722,1.0,1.0,0
0.4507904589804728,-0.6716286027244339,-0.6149809532902266,1.081527398572114,-0.36085361394663545,-0.8340931061032016,0.09904627612994817,-0.7983901931917722,1.0,1.0,0
0.4507904589804728,-0.6716286027244339,-0.8095260815226089,1.1613427757450625,1.666783064947161,-0.09538364730011623,0.863941313588809,-0.7983901931917722,1.0,1.0,0
1.4034042590901543,-0.6716286027244339,-0.9577395230921818,1.2189614465086547,1.9702859589237853,2.5112902886520527,2.4123669918076542,-0.7983901931917722,1.0,1.0,0
0.4507904589804728,-0.6716286027244339,-0.5773308495434644,0.19553966219833982,0.5277337315372447,-1.00141955999657,0.0682806823051155,-0.7983901931917722,1.0,1.0,0
0.4507904589804728,-0.6716286027244339,-0.8446842674151958,0.41307674854711474,0.5516625913067423,0.5281416833605035,1.3488326630187215,-0.7983901931917722,1.0,1.0,0
0.4507904589804728,-0.6716286027244339,-0.9577395230921818,1.2417588616311606,0.21603940236123276,2.421947918097611,2.1140469816783316,-0.7983901931917722,1.0,1.0,0
0.4507904589804728,-0.6716286027244339,-0.9577395230921818,1.1015917564723499,0.02792558481251997,2.5112902886520527,2.032666616964422,-0.7983901931917722,1.0,1.0,0
1.4034042590901543,-0.6716286027244339,-0.7248686327121842,1.5502022037074916,0.2730498139045948,0.6156231923972234,0.5405389124494732,-0.7983901931917722,1.0,1.0,0
1.4034042590901543,-0.6716286027244339,-0.8850023033050823,0.9513338560667938,0.016567461098095593,2.5112902886520527,1.5124152566460023,-0.7983901931917722,1.0,1.0,0
1.4034042590901543,-0.6716286027244339,-0.5596075153649864,0.48192250131700975,-0.375252789591065,-0.07804160634804258,0.3976697493758913,-0.7983901931917722,1.0,1.0,0
0.4507904589804728,-0.6716286027244339,-0.5937737967611714,1.2318594678072081,-0.3102244431885054,-0.7837918300069912,0.05781343018221002,-0.7983901931917722,1.0,1.0,0
1.4034042590901543,-0.6716286027244339,-0.6927889656952223,1.519048939066848,0.3362371884503247,0.5655570044325094,0.43239460637307753,-0.7983901931917722,1.0,1.0,0
0.9330077595600457,-0.6716286027244339,-0.9577395230921818,1.223375903406133,1.3199802063573296,2.5112902886520527,2.042554028534228,-0.7983901931917722,1.0,1.0,0
0.4507904589804728,-0.6716286027244339,-0.7907267054147453,0.3862785091079354,0.2930574072501495,0.6072775595617093,0.7873501295872063,-0.7983901931917722,1.0,1.0,0
0.9961227848888532,-0.6716286027244339,-0.5620461282227306,1.14396430147387,-0.31173344664531877,-1.0981517619103833,0.036905015096577745,-0.7983901931917722,1.0,1.0,0
0.4507904589804728,-0.6716286027244339,-0.7330658946747795,1.4978267596405581,0.7067542254885575,0.45667816986934157,0.5915695722892333,-0.7983901931917722,1.0,1.0,0
0.4507904589804728,-0.6716286027244339,-0.6307714489253065,1.1703293048469912,0.6189131178901159,-0.36384017715373446,0.18739466632072369,-0.7983901931917722,1.0,1.0,0
0.4507904589804728,-0.6716286027244339,-0.9577395230921818,0.9536439017969669,-0.09104419680764805,2.5112902886520527,2.025352150786384,-0.7983901931917722,1.0,1.0,0
0.4507904589804728,-0.6716286027244339,-0.5620461282227306,1.5197054438410595,0.31757818610775307,-0.16170417221336064,0.04570862696440588,-0.7983901931917722,1.0,1.0,0
0.4507904589804728,-0.6716286027244339,-0.5410580961984114,1.2143047671629708,1.7898001085697521,-0.2958077226634684,0.14969995785456308,-0.7983901931917722,1.0,1.0,0
0.4507904589804728,-0.6716286027244339,-0.5898254613015,1.352479680435776,-0.09490053037977547,-0.48575223440488846,0.058417464793504736,-0.7983901931917722,1.0,1.0,0
0.4507904589804728,-0.6716286027244339,-0.680326431861422,1.4243186131869678,0.14542865727156992,1.4130822911856793,0.35053960822458985,-0.7983901931917722,1.0,1.0,0
0.688269676727796,-0.6716286027244339,-0.5761380265750865,1.1015683660470408,1.9922280190583204,-1.0705440332975409,0.060574935081243036,-0.7983901931917722,1.0,1.0,0
0.4507904589804728,-0.6716286027244339,-0.7316290117382097,0.18642105441115156,0.353704758677565,0.601686966460791,0.5415853601648656,-0.7983901931917722,1.0,1.0,0
1.4034042590901543,-0.6716286027244339,-0.8308661531492139,1.6777643266675875,0.8421399786201651,0.9022441893960056,1.0052708075465158,-0.7983901931917722,1.0,1.0,0
0.4507904589804728,-0.6716286027244339,-0.670307426257385,0.13608674814265526,0.035424884335499486,0.17140952849075053,0.37761052649203564,-0.7983901931917722,1.0,1.0,0
0.4507904589804728,-0.6716286027244339,-0.9577395230921818,1.1485180136448385,0.14959964826622404,2.5112902886520527,2.1995588022505204,-0.7983901931917722,1.0,1.0,0
1.4034042590901543,-0.6716286027244339,-0.5382764249761818,0.6948657153303124,-0.46528035618443986,-0.22238046712262943,0.3065698426148692,-0.7983901931917722,1.0,1.0,0
1.2498226359805427,-0.6716286027244339,-0.5419723280863861,0.604794618795268,0.9800884666154821,-0.22673649147176617,0.6006264066978217,-0.7983901931917722,1.0,1.0,0
0.4507904589804728,-0.6716286027244339,-0.6145997311166722,1.1787227282993213,0.5942075220899921,-0.44208842846241636,0.1520024140032005,-0.7983901931917722,1.0,1.0,0
0.4507904589804728,-0.6716286027244339,-0.8555307671889697,0.36647651606618736,0.9746091617234859,0.7747751073957505,1.2467286399654152,-0.7983901931917722,1.0,1.0,0
1.4034042590901543,-0.6716286027244339,-0.6034917602606673,1.6303762958091796,1.5784419282702167,-0.2187968468347989,0.16652611238229476,-0.7983901931917722,1.0,1.0,0
1.4034042590901543,-0.6716286027244339,-0.8446842674151958,0.46749441199244923,0.37471533603688056,2.499490917700039,0.9481701080482788,-0.7983901931917722,1.0,1.0,0
1.4034042590901543,-0.6716286027244339,-0.7659607360340004,0.38471061321796507,1.411439121755199,0.8315686304393306,0.9518011959904515,-0.7983901931917722,1.0,1.0,0
0.4507904589804728,-0.6716286027244339,-0.608027393206708,1.1648014170404777,-0.2687189708282241,-0.7116991854923468,0.08856434857447448,-0.7983901931917722,1.0,1.0,0
1.4034042590901543,-0.6716286027244339,-0.8446842674151958,0.4148042695061081,-0.3404321933930051,1.887824689803732,1.0396946566756695,-0.7983901931917722,1.0,1.0,0
0.4507904589804728,-0.6716286027244339,-0.6185737560612236,0.5059360291241458,-0.1510750905032262,-0.9424594451404015,0.21141302090306227,-0.7983901931917722,1.0,1.0,0
1.4034042590901543,-0.6716286027244339,-0.6076888048156998,1.6513447755549358,1.7638137838803245,0.6381815674120552,0.042683674900058005,-0.7983901931917722,1.0,1.0,0
1.4034042590901543,-0.6716286027244339,-0.6633539592455039,1.1729138398720595,0.07749292641164057,1.120437242714535,0.3004112751331867,-0.7983901931917722,1.0,1.0,0
1.4034042590901543,-0.6716286027244339,-0.5055185003842375,0.8707104274683644,-0.41234612261940734,-0.27227319379997283,0.5014729699806576,-0.7983901931917722,1.0,1.0,0
0.4507904589804728,-0.6716286027244339,-0.6185737560612236,0.036070386225228686,0.035424884335499486,-0.9120153729046011,0.2891009094145682,-0.7983901931917722,1.0,1.0,0
0.4507904589804728,-0.6716286027244339,-0.5928044879822689,1.497754143852491,1.7898001085697521,-0.3300744869054312,0.12734219073999017,-0.7983901931917722,1.0,1.0,0
0.9965354855104537,-0.6716286027244339,-0.9253552853760755,1.0105023611044346,1.0574013821378563,0.7012054594877877,2.217003921369311,-0.7983901931917722,1.0,1.0,0
0.4507904589804728,-0.6716286027244339,-0.6904802374020723,0.9302344572265968,1.9553891283842377,-0.10302430641817478,0.4947062005449765,-0.7983901931917722,1.0,1.0,0
0.4507904589804728,-0.6716286027244339,-0.7960292093356721,0.8799063200731818,-0.19688964028075104,0.11283066802793018,1.2122437284092462,-0.7983901931917722,1.0,1.0,0
0.4507904589804728,-0.6716286027244339,-0.5620461282227306,1.1610381269511092,1.9252211506477557,0.8232075203503971,-0.028326201612032444,-0.7983901931917722,1.0,1.0,0
1.4034042590901543,-0.6716286027244339,-0.6450150114193532,1.416425528670137,0.3742551044858889,0.5973849317518072,0.26554313779556593,-0.7983901931917722,1.0,1.0,0
1.4034042590901543,-0.6716286027244339,-0.8446842674151958,0.5615955594809872,-0.25677008706517646,2.038664786801886,1.0087814814103142,-0.7983901931917722,1.0,1.0,0
0.4507904589804728,-0.6716286027244339,-0.6185737560612236,0.036070386225228686,0.035424884335499486,-0.20976467564028256,0.21434196514109458,-0.7983901931917722,1.0,1.0,0
1.4034042590901543,-0.6716286027244339,-0.5755975379734559,0.945278094956663,0.6940085220645237,-0.7957195350538169,0.21446031073603214,-0.7983901931917722,1.0,1.0,0
1.4034042590901543,-0.6716286027244339,-0.8065150978917291,1.7231286996169046,0.5734991185711064,0.7542704974829519,0.8767705981123689,-0.7983901931917722,1.0,1.0,0
